{
  "train_loss": [
    0.6181679351778057,
    0.4913344937871522,
    0.4795313276939236,
    0.4347645267641187,
    0.4453501410640228,
    0.4086373932355106,
    0.3845455678996988,
    0.4049409451699062,
    0.3956573082575681,
    0.3714333421852673,
    0.3705792731582631,
    0.3549383609918548,
    0.3967329700571315,
    0.3516334000497813,
    0.3833960589498525,
    0.3606918180508575,
    0.3624164181119415,
    0.3465612634651018,
    0.34479098440191075,
    0.3373385920349194,
    0.3037568270672894,
    0.32968830912087205,
    0.32434993495083636,
    0.3389271652828445,
    0.32539019167260835,
    0.31774062705949474,
    0.3319288492202759,
    0.305420347471653,
    0.3204929006846789,
    0.3177922022115307,
    0.35166345142863425,
    0.31374982949498564,
    0.309871556810852,
    0.32596780217635857,
    0.278524869469271,
    0.33358800045800796,
    0.31727831029112397,
    0.3226282888520966,
    0.3039863109182597,
    0.3164148328252319,
    0.32478475838655996,
    0.3235542299149797,
    0.30021303092264023,
    0.29187571328407413,
    0.3199941402235213,
    0.314656197781134,
    0.2937756807667683,
    0.29527713784729753,
    0.2858069639764625,
    0.2821838104594956,
    0.28148594068246574,
    0.29350259376319293,
    0.2781161739001157,
    0.28792572200135896,
    0.29615877913844035,
    0.274558514478421,
    0.2976539852833553,
    0.31573119085556156,
    0.2750244146309367,
    0.2763431801864172,
    0.2880188378553624,
    0.28051348103651885,
    0.2737996745499343,
    0.2660409493894603,
    0.30210800010112066,
    0.28050702980818476,
    0.28710163313621395,
    0.2992087714678585,
    0.29169212854200877,
    0.25778546795370794,
    0.2822699302386198,
    0.2437171777684942,
    0.27185180068665693,
    0.2792224270527629,
    0.26729151143689894,
    0.29449302615846534,
    0.25935507575887423,
    0.25713105771781963,
    0.2726140341414418,
    0.2797016529036478,
    0.26810615499597806,
    0.2873624729281875,
    0.267425742071396,
    0.27756153453111,
    0.3004053750707278,
    0.2844569859290318,
    0.31001645980316545,
    0.2561547482533416,
    0.26285810715820873,
    0.2628544060670712,
    0.2622043981701542,
    0.26004725085617086,
    0.2529120029480646,
    0.26944633563143033,
    0.26615060098489557,
    0.26461564390146114,
    0.2654768161130536,
    0.2577053999543515,
    0.26242409305449077,
    0.2708214210798045
  ],
  "train_acc": [
    0.6866485013623979,
    0.7915531335149864,
    0.784741144414169,
    0.8092643051771117,
    0.8147138964577657,
    0.8269754768392371,
    0.8365122615803815,
    0.8283378746594006,
    0.8351498637602179,
    0.8528610354223434,
    0.8419618528610354,
    0.8555858310626703,
    0.8228882833787466,
    0.8583106267029973,
    0.8283378746594006,
    0.8433242506811989,
    0.8583106267029973,
    0.8501362397820164,
    0.8501362397820164,
    0.8651226158038147,
    0.8719346049046321,
    0.8528610354223434,
    0.8678474114441417,
    0.8678474114441417,
    0.8664850136239782,
    0.8678474114441417,
    0.8542234332425068,
    0.8692098092643051,
    0.8596730245231607,
    0.8692098092643051,
    0.8528610354223434,
    0.8732970027247956,
    0.8678474114441417,
    0.8623978201634878,
    0.8828337874659401,
    0.8623978201634878,
    0.8651226158038147,
    0.8555858310626703,
    0.8746594005449592,
    0.8555858310626703,
    0.8569482288828338,
    0.8664850136239782,
    0.8678474114441417,
    0.8773841961852861,
    0.8528610354223434,
    0.8719346049046321,
    0.8746594005449592,
    0.8732970027247956,
    0.8828337874659401,
    0.8828337874659401,
    0.8787465940054496,
    0.8773841961852861,
    0.8773841961852861,
    0.8787465940054496,
    0.885558583106267,
    0.8814713896457765,
    0.8841961852861036,
    0.8719346049046321,
    0.8896457765667575,
    0.8841961852861036,
    0.888283378746594,
    0.885558583106267,
    0.8801089918256131,
    0.8950953678474114,
    0.8760217983651226,
    0.8801089918256131,
    0.8773841961852861,
    0.8637602179836512,
    0.8664850136239782,
    0.888283378746594,
    0.8869209809264306,
    0.8991825613079019,
    0.8869209809264306,
    0.8760217983651226,
    0.8801089918256131,
    0.8801089918256131,
    0.8869209809264306,
    0.8787465940054496,
    0.8746594005449592,
    0.8869209809264306,
    0.8896457765667575,
    0.8828337874659401,
    0.8841961852861036,
    0.885558583106267,
    0.8651226158038147,
    0.8910081743869209,
    0.8664850136239782,
    0.8950953678474114,
    0.8719346049046321,
    0.8910081743869209,
    0.8760217983651226,
    0.8910081743869209,
    0.885558583106267,
    0.8896457765667575,
    0.8801089918256131,
    0.9032697547683923,
    0.8705722070844687,
    0.9032697547683923,
    0.8978201634877384,
    0.8787465940054496
  ],
  "val_loss": [
    0.4246772126011226,
    0.38082830283952795,
    0.37077051141987677,
    0.3567578183568042,
    0.3461550992468129,
    0.3404467896274898,
    0.3318807262441386,
    0.3284721167191215,
    0.32561898490656976,
    0.31863186152085016,
    0.3125869852045308,
    0.30781081448430603,
    0.3068303854569145,
    0.30493397945943085,
    0.3057385475739189,
    0.3038840073606242,
    0.30319540008254675,
    0.2996075334756271,
    0.2977928428546242,
    0.2977533716222514,
    0.2955341118833293,
    0.29527978275133215,
    0.29329487422238226,
    0.29226693511009216,
    0.29336085397264233,
    0.29868890409884247,
    0.2916948717573415,
    0.2909328885700392,
    0.29090831849886023,
    0.2892948492713597,
    0.2894521239011184,
    0.28773396429808246,
    0.2852824796801028,
    0.28472090804058575,
    0.2866515646810117,
    0.28074377256891003,
    0.2828754575356193,
    0.28619649617568305,
    0.2832369972830233,
    0.2826897268709929,
    0.2813184766665749,
    0.28663496997045435,
    0.2863861737043961,
    0.28414846373640973,
    0.2833489335101584,
    0.28005998808404675,
    0.2812330722808838,
    0.28044444970462634,
    0.2747866576132567,
    0.2776089880777442,
    0.2799678004306296,
    0.2787540580915368,
    0.2825237499630969,
    0.2846187508624533,
    0.2827437934668168,
    0.28238335381383484,
    0.27963731988616614,
    0.28363272158995917,
    0.28243328177410626,
    0.28221303742864856,
    0.28167777605678723,
    0.2759951404903246,
    0.2759961783885956,
    0.27861764120019,
    0.2745992061884507,
    0.2751328724881877,
    0.27267742027407105,
    0.2769095197967861,
    0.27637472100879834,
    0.2780478493027065,
    0.27836357769758807,
    0.28098785618077154,
    0.2848506103391233,
    0.28455101536667865,
    0.2784941935020944,
    0.27325738253800763,
    0.2772809940835704,
    0.2790730595588684,
    0.27756337756695953,
    0.27767246702443,
    0.27794642033784284,
    0.2743467558985171,
    0.27394555055576825,
    0.2713202354700669,
    0.27529058508251025,
    0.2743905381016109,
    0.27975429400153784,
    0.2794905732507291,
    0.27836310086042987,
    0.2788249876188195,
    0.27819667950920435,
    0.27987994707149005,
    0.2802931899609773,
    0.2764563832594001,
    0.275740473166756,
    0.27363778326822363,
    0.270889083976331,
    0.27169915645018866,
    0.2730891743431921,
    0.28355535864830017
  ],