{
  "accuracy": 0.9021739130434783,
  "precision": 0.8888888888888888,
  "recall": 0.9411764705882353,
  "f1": 0.9142857142857143,
  "roc_auc": 0.9476327116212339,
  "specificity": 0.8536585365853658,
  "npv": 0.9210526315789473,
  "balanced_accuracy": 0.8974175035868006,
  "mcc": 0.8023527118613422,
  "pr_auc": 0.9493884171688886,
  "brier_score": 0.08084480658723575
}